{"LoanAmountSummary":{"Sum":504220272,"Average":504220.272,"Median":501297,"Minimum":97,"Maximum":999539},"SubjectAppraisedAmountSummary":{"Sum":1004087165,"Average":1004087.165,"Median":999091,"Minimum":43254,"Maximum":1987010},"InterestRateSummary":{"Sum":3504.0600000000063,"Average":3.504060000000006,"Median":3.52,"Minimum":2,"Maximum":4.99}}